[{"name":"Блок травы","icon":"nBDAmva4v3cQAkS0MAZv7.png","description":null,"nbt":null,"price":0.05,"sale":null,"item_id":"minecraft:grass"},{"name":"Кактус","icon":"8XkLbyPX0dLRk9QkcP48M.png","description":null,"nbt":null,"price":2,"sale":null,"item_id":"minecraft:cactus"},{"name":"Яйцо дракона","icon":"W5LKTfBl9Qe4i_VD2HwyX.png","description":null,"nbt":null,"price":100,"sale":null,"item_id":"minecraft:dragon_egg"},{"name":"Эндер-жемчуг","icon":"9bfpMW3kqrceZg7YdaHgG.png","description":null,"nbt":null,"price":1.5,"sale":null,"item_id":"minecraft:ender_pearl"},{"name":"Звезда из Незера","icon":"HgMrRZXl4APolrr8oMHCx.png","description":null,"nbt":null,"price":20,"sale":null,"item_id":"minecraft:nether_star"},{"name":"Камень","icon":"pUQq0-yKCwKsBBjVynXbF.png","description":null,"nbt":null,"price":0.02,"sale":null,"item_id":"minecraft:stone"},{"name":"Булыжник","icon":"rx6_WYY-mj9k8FF5lYL4k.png","description":null,"nbt":null,"price":0.01,"sale":null,"item_id":"minecraft:cobblestone"},{"name":"Песок","icon":"WBUay8k1C4BoSl3pAALIK.png","description":null,"nbt":null,"price":0.02,"sale":null,"item_id":"minecraft:sand"},{"name":"Гравий","icon":"n9o5LBinabD7JEJmBhGPp.png","description":null,"nbt":null,"price":0.02,"sale":null,"item_id":"minecraft:gravel"},{"name":"Дуб","icon":"bPx9dyVBiX3lapbjKQ1G0.png","description":null,"nbt":null,"price":0.05,"sale":null,"item_id":"minecraft:log"},{"name":"Ель","icon":"MksRGo8g_JEA3ruAlElBc.png","description":null,"nbt":null,"price":0.05,"sale":null,"item_id":"minecraft:log@1"},{"name":"Берёза","icon":"B0wrrK1GnL3DXf-6Uo79n.png","description":null,"nbt":null,"price":0.05,"sale":null,"item_id":"minecraft:log@2"},{"name":"Тропическое дерево","icon":"nWfgeaIxKhPEprG1pRP44.png","description":null,"nbt":null,"price":0.05,"sale":null,"item_id":"minecraft:log@3"},{"name":"Губка","icon":"EadrzeInYiOxk1U6FGFTN.png","description":null,"nbt":null,"price":15,"sale":null,"item_id":"minecraft:sponge"},{"name":"Стекло","icon":"J76g8tV3qhv4HNubAMBS-.png","description":null,"nbt":null,"price":0.05,"sale":null,"item_id":"minecraft:glass"},{"name":"Блок лазурита","icon":"Xr7ssfbeX38czgoDtRGhv.png","description":null,"nbt":null,"price":3.2,"sale":null,"item_id":"minecraft:lapis_block"},{"name":"Песчаник","icon":"jCZ_Oyn6JqdTaSlq9_GUv.png","description":null,"nbt":null,"price":0.05,"sale":null,"item_id":"minecraft:sandstone"},{"name":"Гладкий песчаник","icon":"IpIVZtzFRiNzN3mvI_q7E.png","description":null,"nbt":null,"price":0.08,"sale":null,"item_id":"minecraft:sandstone@1"},{"name":"Резной песчаник","icon":"l7IB6UZcgHODTrv_es2QV.png","description":null,"nbt":null,"price":0.08,"sale":null,"item_id":"minecraft:sandstone@2"},{"name":"Шерсть","icon":"DXL6aI53BBUnILHZmGc-6.png","description":null,"nbt":null,"price":0.1,"sale":null,"item_id":"minecraft:wool"},{"name":"Золотой блок","icon":"LvUKTdcJQpIQmNcGRZPf-.png","description":null,"nbt":null,"price":10,"sale":null,"item_id":"minecraft:gold_block"},{"name":"Железный блок","icon":"TKarkxsuwA60DpIKekb-D.png","description":null,"nbt":null,"price":5,"sale":null,"item_id":"minecraft:iron_block"},{"name":"Кирпичи","icon":"3Pj0RxzbweL8vwfIQW-jk.png","description":null,"nbt":null,"price":0.1,"sale":null,"item_id":"minecraft:brick_block"},{"name":"Книжная полка","icon":"XQfcQDmweULexuApQS1Qe.png","description":null,"nbt":null,"price":1.5,"sale":null,"item_id":"minecraft:bookshelf"},{"name":"Замшелый булыжник","icon":"aV47cCmg7O7IenuZjdAgZ.png","description":null,"nbt":null,"price":0.5,"sale":null,"item_id":"minecraft:mossy_cobblestone"},{"name":"Обсидиан","icon":"l8xKKeO9I10yHui6h8iLM.png","description":null,"nbt":null,"price":1.5,"sale":null,"item_id":"minecraft:obsidian"},{"name":"Алмазный блок","icon":"XaU4y_sVRZfe9s8GW7Di9.png","description":null,"nbt":null,"price":15,"sale":null,"item_id":"minecraft:diamond_block"},{"name":"Глина","icon":"7wREKfgZn4vxM9Wgi7bL0.png","description":null,"nbt":null,"price":0.1,"sale":null,"item_id":"minecraft:clay"},{"name":"Тыква","icon":"JW0MS_qeQzAIzEY8Q3p7E.png","description":null,"nbt":null,"price":1,"sale":null,"item_id":"minecraft:pumpkin"},{"name":"Незерит","icon":"FVeVZic7oULKcQUILe-DO.png","description":null,"nbt":null,"price":0.05,"sale":null,"item_id":"minecraft:netherrack"},{"name":"Песок душ","icon":"jxR_OkAfGoW4ooyLvH3-f.png","description":null,"nbt":null,"price":0.1,"sale":null,"item_id":"minecraft:soul_sand"},{"name":"Лёд","icon":"AjZyTNox2-qiVN_2H_19_.png","description":null,"nbt":null,"price":3,"sale":null,"item_id":"minecraft:ice"},{"name":"Светокамень","icon":"h29b4jbWvp8sc7qYjEYtW.png","description":null,"nbt":null,"price":0.3,"sale":null,"item_id":"minecraft:glowstone"},{"name":"Эндерняк","icon":"Y4wUWaAkAMFJ0CAcT-PJq.png","description":null,"nbt":null,"price":0.2,"sale":null,"item_id":"minecraft:end_stone"},{"name":"Изумрудный блок","icon":"L9jxmb1F2q995kjPrD75_.png","description":null,"nbt":null,"price":12,"sale":null,"item_id":"minecraft:emerald_block"},{"name":"Кварцевый блок","icon":"HuicYlDT-zxBFRQEFsnKH.png","description":null,"nbt":null,"price":7,"sale":null,"item_id":"minecraft:quartz_block"},{"name":"Саженец дуба","icon":"gSTZAJ3osFqElCuE6rTli.png","description":null,"nbt":null,"price":3,"sale":null,"item_id":"minecraft:sapling"},{"name":"Саженец ели","icon":"nyS1f0VmEq0qBP9i_p41E.png","description":null,"nbt":null,"price":3,"sale":null,"item_id":"minecraft:sapling@1"},{"name":"Саженец берёзы","icon":"UjElBdyhQcS-X5Qy73e2N.png","description":null,"nbt":null,"price":3,"sale":null,"item_id":"minecraft:sapling@2"},{"name":"Саженец тропического дерева","icon":"uL7BKljQw_qbWRNBmKN2u.png","description":null,"nbt":null,"price":3,"sale":null,"item_id":"minecraft:sapling@3"},{"name":"Паутина","icon":"jrq-ubWldjMpX3cMKSV7x.png","description":null,"nbt":null,"price":0.15,"sale":null,"item_id":"minecraft:web"},{"name":"Одуванчик","icon":"hxKy5f3NIGdJX9tdUfFFm.png","description":null,"nbt":null,"price":0.15,"sale":null,"item_id":"minecraft:yellow_flower"},{"name":"Мак","icon":"t4dHADxIBUjVcGYKwKZDG.png","description":null,"nbt":null,"price":0.15,"sale":null,"item_id":"minecraft:red_flower"},{"name":"Факел","icon":"LIHr3ZXRqSjYoDwwW8J2A.png","description":null,"nbt":null,"price":0.03,"sale":null,"item_id":"minecraft:torch"},{"name":"Сундук","icon":"L0VgiLToRM_K8qq9CW4dh.png","description":null,"nbt":null,"price":0.1,"sale":null,"item_id":"minecraft:chest"},{"name":"Печь","icon":"guPL13ONeMZxykBwZvP0c.png","description":null,"nbt":null,"price":0.1,"sale":null,"item_id":"minecraft:furnace"}]