[{"name":"Блок травы","icon":"atmwJMixUqMxl4zXO2O2N.png","description":null,"give_method":0,"nbt":null,"price":0.05,"sale":null,"item_id":"minecraft:grass"},{"name":"Кактус","icon":"WbNPB6Gt9E7RRDrHXOv9F.png","description":null,"give_method":0,"nbt":null,"price":2,"sale":null,"item_id":"minecraft:cactus"},{"name":"Яйцо дракона","icon":"N6-dTgTQyg78iENF_UxVU.png","description":null,"give_method":0,"nbt":null,"price":100,"sale":null,"item_id":"minecraft:dragon_egg"},{"name":"Эндер-жемчуг","icon":"Cy2MnRYnpm6LgcTEdEBvP.png","description":null,"give_method":0,"nbt":null,"price":1.5,"sale":null,"item_id":"minecraft:ender_pearl"},{"name":"Звезда из Незера","icon":"yIweCq2NBe4a5UaYdvUAv.png","description":null,"give_method":0,"nbt":null,"price":20,"sale":null,"item_id":"minecraft:nether_star"},{"name":"Камень","icon":"8CeC9lFGYKEfnsWZs0hwq.png","description":null,"give_method":0,"nbt":null,"price":0.02,"sale":null,"item_id":"minecraft:stone"},{"name":"Булыжник","icon":"RKTle8eI4Y3AeDUdUnfyI.png","description":null,"give_method":0,"nbt":null,"price":0.01,"sale":null,"item_id":"minecraft:cobblestone"},{"name":"Песок","icon":"ejh9XUaAWQn6H5ivvXlsY.png","description":null,"give_method":0,"nbt":null,"price":0.02,"sale":null,"item_id":"minecraft:sand"},{"name":"Гравий","icon":"UO7fxsm4sjsy3K1SaCrGd.png","description":null,"give_method":0,"nbt":null,"price":0.02,"sale":null,"item_id":"minecraft:gravel"},{"name":"Дуб","icon":"sbpKqOGIBUnLcPOIYDfO8.png","description":null,"give_method":0,"nbt":null,"price":0.05,"sale":null,"item_id":"minecraft:log"},{"name":"Ель","icon":"33S1CLP4TES_ZzNfu3CAk.png","description":null,"give_method":0,"nbt":null,"price":0.05,"sale":null,"item_id":"minecraft:log@1"},{"name":"Берёза","icon":"9iepdrBN3MRL5n8kFTXBa.png","description":null,"give_method":0,"nbt":null,"price":0.05,"sale":null,"item_id":"minecraft:log@2"},{"name":"Тропическое дерево","icon":"_Dwb7yNZ1hJS-q2g0UJuy.png","description":null,"give_method":0,"nbt":null,"price":0.05,"sale":null,"item_id":"minecraft:log@3"},{"name":"Губка","icon":"vOXnOnxfXQcBQnqvTmgBJ.png","description":null,"give_method":0,"nbt":null,"price":15,"sale":null,"item_id":"minecraft:sponge"},{"name":"Стекло","icon":"BKAZv8ZbzvmAlOf4A_L5H.png","description":null,"give_method":0,"nbt":null,"price":0.05,"sale":null,"item_id":"minecraft:glass"},{"name":"Блок лазурита","icon":"5NXupPtIBMSsbjF2jyAkN.png","description":null,"give_method":0,"nbt":null,"price":3.2,"sale":null,"item_id":"minecraft:lapis_block"},{"name":"Песчаник","icon":"18mNLHgJumRSjie-oeD2t.png","description":null,"give_method":0,"nbt":null,"price":0.05,"sale":null,"item_id":"minecraft:sandstone"},{"name":"Гладкий песчаник","icon":"17gWIuNtV8PMZ4AON1Qdc.png","description":null,"give_method":0,"nbt":null,"price":0.08,"sale":null,"item_id":"minecraft:sandstone@1"},{"name":"Резной песчаник","icon":"82qjVeZhgO71e6P6tRSTa.png","description":null,"give_method":0,"nbt":null,"price":0.08,"sale":null,"item_id":"minecraft:sandstone@2"},{"name":"Шерсть","icon":"SzKOFnDO4Crq1A4WfZRwA.png","description":null,"give_method":0,"nbt":null,"price":0.1,"sale":null,"item_id":"minecraft:wool"},{"name":"Золотой блок","icon":"SrMVxdnvx68t4iVQlGC_Q.png","description":null,"give_method":0,"nbt":null,"price":10,"sale":null,"item_id":"minecraft:gold_block"},{"name":"Железный блок","icon":"hbfyPffU_66UMPBW8VaTT.png","description":null,"give_method":0,"nbt":null,"price":5,"sale":null,"item_id":"minecraft:iron_block"},{"name":"Кирпичи","icon":"ep9QTp5GzMh36lVKHgHCi.png","description":null,"give_method":0,"nbt":null,"price":0.1,"sale":null,"item_id":"minecraft:brick_block"},{"name":"Книжная полка","icon":"y_aZ74HuHQWn2bhsCCME4.png","description":null,"give_method":0,"nbt":null,"price":1.5,"sale":null,"item_id":"minecraft:bookshelf"},{"name":"Замшелый булыжник","icon":"qu8TjQUfxUtiuDoTmW9N5.png","description":null,"give_method":0,"nbt":null,"price":0.5,"sale":null,"item_id":"minecraft:mossy_cobblestone"},{"name":"Обсидиан","icon":"1v62sFYC2AXEAP9VBRlRV.png","description":null,"give_method":0,"nbt":null,"price":1.5,"sale":null,"item_id":"minecraft:obsidian"},{"name":"Алмазный блок","icon":"ivou4FIS9L3c2vaUAsCt6.png","description":null,"give_method":0,"nbt":null,"price":15,"sale":null,"item_id":"minecraft:diamond_block"},{"name":"Глина","icon":"Ik4Sxd5IjdKCqcEcgha2d.png","description":null,"give_method":0,"nbt":null,"price":0.1,"sale":null,"item_id":"minecraft:clay"},{"name":"Тыква","icon":"6PjPVY__mx_ggI6crp6tw.png","description":null,"give_method":0,"nbt":null,"price":1,"sale":null,"item_id":"minecraft:pumpkin"},{"name":"Незерит","icon":"1h2_J8W4YlHErepqxZekc.png","description":null,"give_method":0,"nbt":null,"price":0.05,"sale":null,"item_id":"minecraft:netherrack"},{"name":"Песок душ","icon":"0QJVTJ3xQjgiPzrbEHpER.png","description":null,"give_method":0,"nbt":null,"price":0.1,"sale":null,"item_id":"minecraft:soul_sand"},{"name":"Лёд","icon":"9scc7hx-51QNLNMQugf7q.png","description":null,"give_method":0,"nbt":null,"price":3,"sale":null,"item_id":"minecraft:ice"},{"name":"Светокамень","icon":"smr1K2aSCiHbhzrW8JYt_.png","description":null,"give_method":0,"nbt":null,"price":0.3,"sale":null,"item_id":"minecraft:glowstone"},{"name":"Эндерняк","icon":"qr2BohGfOykCJcDyZdZ8w.png","description":null,"give_method":0,"nbt":null,"price":0.2,"sale":null,"item_id":"minecraft:end_stone"},{"name":"Изумрудный блок","icon":"pbeHetMb1ChPqtt0jAW9R.png","description":null,"give_method":0,"nbt":null,"price":12,"sale":null,"item_id":"minecraft:emerald_block"},{"name":"Кварцевый блок","icon":"0jv759eSQe6fMGDcnDmlO.png","description":null,"give_method":0,"nbt":null,"price":7,"sale":null,"item_id":"minecraft:quartz_block"},{"name":"Саженец дуба","icon":"5Nvn7NzGEDX_8Yu46qZMw.png","description":null,"give_method":0,"nbt":null,"price":3,"sale":null,"item_id":"minecraft:sapling"},{"name":"Саженец ели","icon":"8C_dfMlZsgPT4arDQCozY.png","description":null,"give_method":0,"nbt":null,"price":3,"sale":null,"item_id":"minecraft:sapling@1"},{"name":"Саженец берёзы","icon":"NOPlDmNvqvybeJI8DrNi9.png","description":null,"give_method":0,"nbt":null,"price":3,"sale":null,"item_id":"minecraft:sapling@2"},{"name":"Саженец тропического дерева","icon":"kTORUkwfrux57eHxcPeC3.png","description":null,"give_method":0,"nbt":null,"price":3,"sale":null,"item_id":"minecraft:sapling@3"},{"name":"Паутина","icon":"yj92GcQ96QbrP681ENxBj.png","description":null,"give_method":0,"nbt":null,"price":0.15,"sale":null,"item_id":"minecraft:web"},{"name":"Одуванчик","icon":"a26gHZVXwacCSrX-ot8ZE.png","description":null,"give_method":0,"nbt":null,"price":0.15,"sale":null,"item_id":"minecraft:yellow_flower"},{"name":"Мак","icon":"Tn0_KdtVlLqdGSveYD7G8.png","description":null,"give_method":0,"nbt":null,"price":0.15,"sale":null,"item_id":"minecraft:red_flower"},{"name":"Факел","icon":"FxvkhTxYUYADD6BQKsT09.png","description":null,"give_method":0,"nbt":null,"price":0.03,"sale":null,"item_id":"minecraft:torch"},{"name":"Сундук","icon":"MJZ24TQCUGPb3xlJivAYy.png","description":null,"give_method":0,"nbt":null,"price":0.1,"sale":null,"item_id":"minecraft:chest"},{"name":"Печь","icon":"4ECIEpt3kC1403pnEx_L4.png","description":null,"give_method":0,"nbt":null,"price":0.1,"sale":null,"item_id":"minecraft:furnace"},{"name":"Чародейский стол","icon":"lPeo_796_Bmg_WYJdYKv0.png","description":null,"give_method":0,"nbt":null,"price":10,"sale":null,"item_id":"minecraft:enchanting_table"},{"name":"Сундук эндера","icon":"sr3tspDVtzu1KTMJSE82I.png","description":null,"give_method":0,"nbt":null,"price":5,"sale":null,"item_id":"minecraft:ender_chest"},{"name":"Наковальня","icon":"pfYD0hXKjxsNZKe3lC0zN.png","description":null,"give_method":0,"nbt":null,"price":10,"sale":null,"item_id":"minecraft:anvil"},{"name":"Череп","icon":"h-7syqgA5A1JLw7mPxp3x.png","description":null,"give_method":0,"nbt":null,"price":5,"sale":null,"item_id":"minecraft:skull"},{"name":"Череп визер-скелета","icon":"Mc79aq9LoW3Knd3leGeD6.png","description":null,"give_method":0,"nbt":null,"price":7,"sale":null,"item_id":"minecraft:skull@1"},{"name":"Голова зомби","icon":"5K_sJGLnCfY3HJ0CquI4d.png","description":null,"give_method":0,"nbt":null,"price":5,"sale":null,"item_id":"minecraft:skull@2"},{"name":"Голова крипера","icon":"zew3I5tzGA7ZLLeosi_L1.png","description":null,"give_method":0,"nbt":null,"price":5,"sale":null,"item_id":"minecraft:skull@4"},{"name":"Динамит","icon":"INMIfNsS1cUmVuZCENbAK.png","description":null,"give_method":0,"nbt":null,"price":1.5,"sale":null,"item_id":"minecraft:tnt"},{"name":"Редстоуновый блок","icon":"VAzXXkpm74uqo4BmmpenX.png","description":null,"give_method":0,"nbt":null,"price":4,"sale":null,"item_id":"minecraft:redstone_block"},{"name":"Седло","icon":"lNxtXaTk02JkJgngZlp-0.png","description":null,"give_method":0,"nbt":null,"price":4,"sale":null,"item_id":"minecraft:saddle"},{"name":"Удочка с морковкой","icon":"FpQBUz2dXMmpet6Y0waiT.png","description":null,"give_method":0,"nbt":null,"price":1,"sale":null,"item_id":"minecraft:carrot_on_a_stick"},{"name":"Маяк","icon":"8JSd3WaMMFSRy7NEyvbpO.png","description":null,"give_method":0,"nbt":null,"price":15,"sale":null,"item_id":"minecraft:beacon"},{"name":"Раздатчик","icon":"n47oU6mq5xuiY340D3lYJ.png","description":null,"give_method":0,"nbt":null,"price":1.5,"sale":null,"item_id":"minecraft:dispenser"},{"name":"Датчик света","icon":"W6v205tpKGijb7Daps0rc.png","description":null,"give_method":0,"nbt":null,"price":1.5,"sale":null,"item_id":"minecraft:daylight_detector"},{"name":"Повторитель","icon":"OvrXSgjFdcI8b8hH6lEEB.png","description":null,"give_method":0,"nbt":null,"price":1,"sale":null,"item_id":"minecraft:repeater"},{"name":"Компаратор","icon":"LyIy8u10hQhvYeTl1i_Bq.gif","description":null,"give_method":0,"nbt":null,"price":1,"sale":null,"item_id":"minecraft:comparator"},{"name":"Воронка","icon":"u823v2CblhSw67cbo0FCS.png","description":null,"give_method":0,"nbt":null,"price":5,"sale":null,"item_id":"minecraft:hopper"},{"name":"Картина","icon":"cDCIH-h15JQ8YcK01tp7O.png","description":null,"give_method":0,"nbt":null,"price":0.3,"sale":null,"item_id":"minecraft:painting"},{"name":"Бумага","icon":"cdkoCXNzZrrrycQ7v2wXc.png","description":null,"give_method":0,"nbt":null,"price":0.2,"sale":null,"item_id":"minecraft:paper"},{"name":"Книга","icon":"tEam3o5lDu4eqcaM_4Tom.png","description":null,"give_method":0,"nbt":null,"price":0.4,"sale":null,"item_id":"minecraft:book"},{"name":"Сгусток слизи","icon":"544D_wGC58clYDdiNXZ9F.png","description":null,"give_method":0,"nbt":null,"price":1.5,"sale":null,"item_id":"minecraft:slime_ball"},{"name":"Кость","icon":"WkahGeDTubPShD3EBEjHJ.png","description":null,"give_method":0,"nbt":null,"price":0.2,"sale":null,"item_id":"minecraft:bone"},{"name":"Пузырёк опыта","icon":"8yX8YS0r-maGSL9LBL6ww.png","description":null,"give_method":0,"nbt":null,"price":1.2,"sale":null,"item_id":"minecraft:experience_bottle"},{"name":"Чистая карта","icon":"Y6_gNEcjZ1RCw2sMCXMs-.png","description":null,"give_method":0,"nbt":null,"price":2,"sale":null,"item_id":"minecraft:map"},{"name":"Уголь","icon":"ZmVG7YOJ97DgMYmcaRAyw.png","description":null,"give_method":0,"nbt":null,"price":0.04,"sale":null,"item_id":"minecraft:coal"},{"name":"Древесный уголь","icon":"FoGEjAE5XMZkJ9H2ol20s.png","description":null,"give_method":0,"nbt":null,"price":0.04,"sale":null,"item_id":"minecraft:coal@1"},{"name":"Алмаз","icon":"XE_h1MJDPBbjrN6TETMnX.png","description":null,"give_method":0,"nbt":null,"price":3,"sale":null,"item_id":"minecraft:diamond"},{"name":"Железный слиток","icon":"GzFbGifQSf8j4U8jFrxhA.png","description":null,"give_method":0,"nbt":null,"price":0.7,"sale":null,"item_id":"minecraft:iron_ingot"},{"name":"Золотой слиток","icon":"uVGUt-NDdT1MnmR2DIB7p.png","description":null,"give_method":0,"nbt":null,"price":1.7,"sale":null,"item_id":"minecraft:gold_ingot"},{"name":"Палка","icon":"S4jAOsihvsV1WkKKEfCuZ.png","description":null,"give_method":0,"nbt":null,"price":0.01,"sale":null,"item_id":"minecraft:stick"},{"name":"Нить","icon":"MjF_v20r8bhssGq5c8NuS.png","description":null,"give_method":0,"nbt":null,"price":0.1,"sale":null,"item_id":"minecraft:string"},{"name":"Перо","icon":"WolBa-_eP1fhqOSZqIGlT.png","description":null,"give_method":0,"nbt":null,"price":0.05,"sale":null,"item_id":"minecraft:feather"},{"name":"Пшеница","icon":"2oQj55x_cLBa4r0EQXfiB.png","description":null,"give_method":0,"nbt":null,"price":0.05,"sale":null,"item_id":"minecraft:wheat"},{"name":"Кремень","icon":"tRzip_cAMxnp8ZFNCALGn.png","description":null,"give_method":0,"nbt":null,"price":0.1,"sale":null,"item_id":"minecraft:flint"},{"name":"Кожа","icon":"ndHdBMJ9jBp2dD-Sjltb5.png","description":null,"give_method":0,"nbt":null,"price":0.2,"sale":null,"item_id":"minecraft:leather"},{"name":"Глиняный комок","icon":"GL2quNIIz6SlScqwyKFDw.png","description":null,"give_method":0,"nbt":null,"price":0.03,"sale":null,"item_id":"minecraft:clay_ball"},{"name":"Сахарный тростник","icon":"5M06_FPCioPtjxy3PFf4b.png","description":null,"give_method":0,"nbt":null,"price":0.15,"sale":null,"item_id":"minecraft:reeds"},{"name":"Яйцо","icon":"vy_D7CY1fA7vgDrTo2Rga.png","description":null,"give_method":0,"nbt":null,"price":0.1,"sale":null,"item_id":"minecraft:egg"},{"name":"Светокаменная пыль","icon":"QQNl-Mf27rB7NLaniv3j6.png","description":null,"give_method":0,"nbt":null,"price":0.15,"sale":null,"item_id":"minecraft:glowstone_dust"},{"name":"Чернильный мешок","icon":"sk-wVdBp-KRGJKrRbss67.png","description":null,"give_method":0,"nbt":null,"price":0.15,"sale":null,"item_id":"minecraft:dye"},{"name":"Какао-бобы","icon":"WM3th3up9NK4YqtCgTwTa.png","description":null,"give_method":0,"nbt":null,"price":0.15,"sale":null,"item_id":"minecraft:dye@3"},{"name":"Лазурит","icon":"tUXN02hIOA14th2xZstkx.png","description":null,"give_method":0,"nbt":null,"price":0.2,"sale":null,"item_id":"minecraft:dye@4"},{"name":"Фиолетовый краситель","icon":"RybtuQXqEVA5g_F_kuurl.png","description":null,"give_method":0,"nbt":null,"price":0.12,"sale":null,"item_id":"minecraft:dye@5"},{"name":"Бирюзовый краситель","icon":"KGrFVeopu4kW6Qij8o8Ej.png","description":null,"give_method":0,"nbt":null,"price":0.12,"sale":null,"item_id":"minecraft:dye@6"},{"name":"Светло-серый краситель","icon":"4YPbTcWHZGo45sG-g7APH.png","description":null,"give_method":0,"nbt":null,"price":0.12,"sale":null,"item_id":"minecraft:dye@7"},{"name":"Серый краситель","icon":"MR0ODVF6xZA8mQvfCxHfe.png","description":null,"give_method":0,"nbt":null,"price":0.12,"sale":null,"item_id":"minecraft:dye@8"},{"name":"Розовый краситель","icon":"zWE1AtfXDJX7eNnjwLsRh.png","description":null,"give_method":0,"nbt":null,"price":0.12,"sale":null,"item_id":"minecraft:dye@9"},{"name":"Лаймовый краситель","icon":"ZLEAdS1D2YHVooz1rmyno.png","description":null,"give_method":0,"nbt":null,"price":0.12,"sale":null,"item_id":"minecraft:dye@10"},{"name":"Жёлтый краситель","icon":"gQOyuB1wI75vgP24H0LWT.png","description":null,"give_method":0,"nbt":null,"price":0.12,"sale":null,"item_id":"minecraft:dye@11"},{"name":"Голубой краситель","icon":"MNa0aepBmzTGdhAq2Tq2b.png","description":null,"give_method":0,"nbt":null,"price":0.12,"sale":null,"item_id":"minecraft:dye@12"},{"name":"Пурпурный краситель","icon":"b7Q7o3cAcx5y6yN8kSsMl.png","description":null,"give_method":0,"nbt":null,"price":0.12,"sale":null,"item_id":"minecraft:dye@13"},{"name":"Сахар","icon":"7-VmwRKt5UBy-mngxqTzu.png","description":null,"give_method":0,"nbt":null,"price":0.1,"sale":null,"item_id":"minecraft:sugar"},{"name":"Семена арбуза","icon":"gIERpjh2O6qZtlsfy6ERY.png","description":null,"give_method":0,"nbt":null,"price":0.12,"sale":null,"item_id":"minecraft:pumpkin_seeds"},{"name":"Семена тыквы","icon":"Myul96UQ7cbzyKKFN8abi.png","description":null,"give_method":0,"nbt":null,"price":0.12,"sale":null,"item_id":"minecraft:melon_seeds"},{"name":"Стержень ифрита","icon":"u2GzYQxdXX8uxC99QDH7E.png","description":null,"give_method":0,"nbt":null,"price":0.4,"sale":null,"item_id":"minecraft:blaze_rod"},{"name":"Нарост из Незера","icon":"8PI8f5YKNVhTndKp-7heX.png","description":null,"give_method":0,"nbt":null,"price":0.2,"sale":null,"item_id":"minecraft:nether_wart"},{"name":"Изумруд","icon":"BRRxkjEuuTSWO1okaUE1J.png","description":null,"give_method":0,"nbt":null,"price":3,"sale":null,"item_id":"minecraft:emerald"},{"name":"Незер-кварц","icon":"vmY7YonEb0IcWlKkEXFS8.png","description":null,"give_method":0,"nbt":null,"price":0.15,"sale":null,"item_id":"minecraft:quartz"},{"name":"Сноп сена","icon":"1a697wnJCrL5rp5AGYlHJ.png","description":null,"give_method":0,"nbt":null,"price":0.25,"sale":null,"item_id":"minecraft:hay_block"},{"name":"Терракота","icon":"E_xgXzuzyDzehKkOAx6cf.png","description":null,"give_method":0,"nbt":null,"price":0.15,"sale":null,"item_id":"minecraft:hardened_clay"},{"name":"Угольный блок","icon":"8CuY_PdsRswviJowRsiQr.png","description":null,"give_method":0,"nbt":null,"price":0.5,"sale":null,"item_id":"minecraft:coal_block"},{"name":"Железная конская броня","icon":"G4yZ-P-vARtb30QHwQXQE.png","description":null,"give_method":0,"nbt":null,"price":4,"sale":null,"item_id":"minecraft:iron_horse_armor"},{"name":"Золотая конская броня","icon":"cK0dItZrkOboPU4-iQOYK.png","description":null,"give_method":0,"nbt":null,"price":8,"sale":null,"item_id":"minecraft:golden_horse_armor"},{"name":"Алмазная конская броня","icon":"iNCJgnixm-CRnHYpH4teZ.png","description":null,"give_method":0,"nbt":null,"price":14,"sale":null,"item_id":"minecraft:diamond_horse_armor"},{"name":"Поводок","icon":"SCmSiK4Jy-9wTZRHp7y3q.png","description":null,"give_method":0,"nbt":null,"price":1.5,"sale":null,"item_id":"minecraft:lead"},{"name":"Бирка","icon":"fmKDSZm9eA6eE-dNgKTaI.png","description":null,"give_method":0,"nbt":null,"price":4,"sale":null,"item_id":"minecraft:name_tag"},{"name":"Яблоко","icon":"X4JB7CdvSkDP6sY6Ty8Yq.png","description":null,"give_method":0,"nbt":null,"price":0.2,"sale":null,"item_id":"minecraft:apple"},{"name":"Тушёные грибы","icon":"5YsPfyqNzWtgL15q-6G97.png","description":null,"give_method":0,"nbt":null,"price":0.2,"sale":null,"item_id":"minecraft:mushroom_stew"},{"name":"Хлеб","icon":"am4voZtDqIzu3wm_emu6V.png","description":null,"give_method":0,"nbt":null,"price":0.3,"sale":null,"item_id":"minecraft:bread"},{"name":"Сырая свинина","icon":"wsQ2jR-iP0pXaNcCU85oA.png","description":null,"give_method":0,"nbt":null,"price":0.4,"sale":null,"item_id":"minecraft:porkchop"},{"name":"Золотое яблоко","icon":"4nqRyJIJODxkl9uA9HgWT.png","description":null,"give_method":0,"nbt":null,"price":5,"sale":null,"item_id":"minecraft:golden_apple"},{"name":"Золотое зачарованное яблоко","icon":"9Xo8liiZkRDRSdRSYCVyc.png","description":null,"give_method":0,"nbt":null,"price":8,"sale":null,"item_id":"minecraft:golden_apple@1"},{"name":"Сырая треска","icon":"gui9WRy8oARHc4oDkXF9R.png","description":null,"give_method":0,"nbt":null,"price":0.4,"sale":null,"item_id":"minecraft:fish"},{"name":"Жаренная треска","icon":"qqR7LcXfhHkvBq5VvmcSZ.png","description":null,"give_method":0,"nbt":null,"price":0.45,"sale":null,"item_id":"minecraft:cooked_fish"},{"name":"Торт","icon":"TaWFToV9o5EaChHjp38pJ.png","description":null,"give_method":0,"nbt":null,"price":2,"sale":null,"item_id":"minecraft:cake"},{"name":"Печенье","icon":"bsyk89X1a3TEiYLOXw5rK.png","description":null,"give_method":0,"nbt":null,"price":0.1,"sale":null,"item_id":"minecraft:cookie"},{"name":"Сырая говядина","icon":"PHAU8bX07JExlaGZ89XWM.png","description":null,"give_method":0,"nbt":null,"price":0.4,"sale":null,"item_id":"minecraft:beef"},{"name":"Стейк","icon":"xp0J_tIi6Bum4KHsjCHkk.png","description":null,"give_method":0,"nbt":null,"price":0.45,"sale":null,"item_id":"minecraft:cooked_beef"},{"name":"Курятина","icon":"qdoKVF2X4ty28p_bPlQuG.png","description":null,"give_method":0,"nbt":null,"price":0.3,"sale":null,"item_id":"minecraft:chicken"},{"name":"Жаренная курятина","icon":"zl4xej-kKD-4IGPsK-v4i.png","description":null,"give_method":0,"nbt":null,"price":0.4,"sale":null,"item_id":"minecraft:cooked_chicken"},{"name":"Гнилая плоть","icon":"AyLjXil-ZgjYUNBicomR7.png","description":null,"give_method":0,"nbt":null,"price":0.1,"sale":null,"item_id":"minecraft:rotten_flesh"},{"name":"Паучий глаз","icon":"3DWw2tSNcM2Jw0y8yp4W0.png","description":null,"give_method":0,"nbt":null,"price":0.3,"sale":null,"item_id":"minecraft:spider_eye"},{"name":"Морковь","icon":"jzAoxEA5Y7C2l5Ac3lb1_.png","description":null,"give_method":0,"nbt":null,"price":0.2,"sale":null,"item_id":"minecraft:carrot"},{"name":"Картофель","icon":"BGYhpPkb1dg-FDUc9L6hO.png","description":null,"give_method":0,"nbt":null,"price":0.2,"sale":null,"item_id":"minecraft:potato"},{"name":"Печённый картофель","icon":"plysGQb8QIGQi0NfAWbbq.png","description":null,"give_method":0,"nbt":null,"price":0.25,"sale":null,"item_id":"minecraft:baked_potato"},{"name":"Ядовитый картофель","icon":"rQGqWYeT9Wi3MuO2p52ct.png","description":null,"give_method":0,"nbt":null,"price":0.1,"sale":null,"item_id":"minecraft:poisonous_potato"},{"name":"Золотая морковь","icon":"ld_DbMJkHLyVCJUzxsJIw.png","description":null,"give_method":0,"nbt":null,"price":2,"sale":null,"item_id":"minecraft:golden_carrot"},{"name":"Тыквенный пирог","icon":"76ZHzqObxN8A-65jo9DWe.png","description":null,"give_method":0,"nbt":null,"price":0.5,"sale":null,"item_id":"minecraft:pumpkin_pie"},{"name":"Арбуз","icon":"D3rtWW1Ua2Szji8zPkKea.png","description":null,"give_method":0,"nbt":null,"price":0.1,"sale":null,"item_id":"minecraft:melon"},{"name":"Сверкающий арбуз","icon":"iZP7n_6Du9ADdui6hidDk.png","description":null,"give_method":0,"nbt":null,"price":2,"sale":null,"item_id":"minecraft:speckled_melon"},{"name":"Железная лопата","icon":"QPQiw55gHHa0lXkUeObaV.png","description":null,"give_method":0,"nbt":null,"price":1,"sale":null,"item_id":"minecraft:iron_shovel"},{"name":"Железная кирка","icon":"iqYOhaUnI4BXG_pGE_RFw.png","description":null,"give_method":0,"nbt":null,"price":2,"sale":null,"item_id":"minecraft:iron_pickaxe"},{"name":"Железный топор","icon":"yWG-t8DgH5YcDHgs82V-7.png","description":null,"give_method":0,"nbt":null,"price":2,"sale":null,"item_id":"minecraft:iron_axe"},{"name":"Огниво","icon":"c9-FNE3mfYTAvGD6QD-d1.png","description":null,"give_method":0,"nbt":null,"price":0.5,"sale":null,"item_id":"minecraft:flint_and_steel"},{"name":"Алмазная лопата","icon":"mw8GiPFskpmeYzx8T3DLo.png","description":null,"give_method":0,"nbt":null,"price":3,"sale":null,"item_id":"minecraft:diamond_shovel"},{"name":"Алмазная кирка","icon":"RILPBR6s0XbcmO4SS9-CX.png","description":null,"give_method":0,"nbt":null,"price":5,"sale":null,"item_id":"minecraft:diamond_pickaxe"},{"name":"Алмазный топор","icon":"SVA7ZsTh1OmPDwQMddMqC.png","description":null,"give_method":0,"nbt":null,"price":5,"sale":null,"item_id":"minecraft:diamond_axe"},{"name":"Золотая лопата","icon":"Z1cdEPqVrYqTv61iUopYg.png","description":null,"give_method":0,"nbt":null,"price":1,"sale":null,"item_id":"minecraft:golden_shovel"},{"name":"Золотая кирка","icon":"0AhyjCB1CixBSx_YBuiaL.png","description":null,"give_method":0,"nbt":null,"price":2,"sale":null,"item_id":"minecraft:golden_pickaxe"},{"name":"Золотой тапор","icon":"8z0-RnAi9SPA2P1OCnVL2.png","description":null,"give_method":0,"nbt":null,"price":2,"sale":null,"item_id":"minecraft:golden_axe"},{"name":"Железная мотыга","icon":"tastaQmIpRuArvtqqITDj.png","description":null,"give_method":0,"nbt":null,"price":2,"sale":null,"item_id":"minecraft:iron_hoe"},{"name":"Алмазная мотыга","icon":"NHKJiduN5FQsQ_XcZzSvf.png","description":null,"give_method":0,"nbt":null,"price":3,"sale":null,"item_id":"minecraft:diamond_hoe"},{"name":"Золотая мотыга","icon":"5np6eEaZmSM6AIolyuIpb.png","description":null,"give_method":0,"nbt":null,"price":2,"sale":null,"item_id":"minecraft:golden_hoe"},{"name":"Компас","icon":"4FDbaV-q9KjnFk0WP3PLE.png","description":null,"give_method":0,"nbt":null,"price":3,"sale":null,"item_id":"minecraft:compass"},{"name":"Удочка","icon":"P7ofDvsd3hfygh00GB1s6.png","description":null,"give_method":0,"nbt":null,"price":1,"sale":null,"item_id":"minecraft:fishing_rod"},{"name":"Часы","icon":"bz55vjCwUGI2gnQ59-SLW.png","description":null,"give_method":0,"nbt":null,"price":5,"sale":null,"item_id":"minecraft:clock"},{"name":"Ножницы","icon":"lp962hS08b8xc0yi94Z2s.png","description":null,"give_method":0,"nbt":null,"price":1,"sale":null,"item_id":"minecraft:shears"},{"name":"Лук","icon":"lVcWNi22qHbKNyJZLVyLJ.png","description":null,"give_method":0,"nbt":null,"price":1,"sale":null,"item_id":"minecraft:bow"},{"name":"Стрела","icon":"1XYcuATuU9I6RWbyfdKL9.png","description":null,"give_method":0,"nbt":null,"price":0.05,"sale":null,"item_id":"minecraft:arrow"},{"name":"Железный меч","icon":"C4KMoHSeYvV5zU9kB2rqE.png","description":null,"give_method":0,"nbt":null,"price":2,"sale":null,"item_id":"minecraft:iron_sword"},{"name":"Золотой меч","icon":"JlQfkfhux8JeP3kRvK-bU.png","description":null,"give_method":0,"nbt":null,"price":2,"sale":null,"item_id":"minecraft:golden_sword"},{"name":"Алмазный меч","icon":"Mx07ERbBcJ6XZ791-hZzt.png","description":null,"give_method":0,"nbt":null,"price":4,"sale":null,"item_id":"minecraft:diamond_sword"},{"name":"Кожанный шлем","icon":"jWA8b7pE6lqg815bfM0Qt.png","description":null,"give_method":0,"nbt":null,"price":1,"sale":null,"item_id":"minecraft:leather_helmet"},{"name":"Кожанная куртка","icon":"-1IMIOX2AywSBV5jKs0Sb.png","description":null,"give_method":0,"nbt":null,"price":1,"sale":null,"item_id":"minecraft:leather_chestplate"},{"name":"Кожанные штаны","icon":"uGCsjNWbsktjyOQrn0q8-.png","description":null,"give_method":0,"nbt":null,"price":1,"sale":null,"item_id":"minecraft:leather_leggings"},{"name":"Кожанные ботинки","icon":"XzVaan1Z9R2c6FO_wb-l6.png","description":null,"give_method":0,"nbt":null,"price":1,"sale":null,"item_id":"minecraft:leather_boots"},{"name":"Койф","icon":"WqKb_1Hn1kmOZkf-Y5EDQ.png","description":null,"give_method":0,"nbt":null,"price":3,"sale":null,"item_id":"minecraft:chainmail_helmet"},{"name":"Кольчуга","icon":"tpmWAWFina-YGTDMiUZeO.png","description":null,"give_method":0,"nbt":null,"price":3,"sale":null,"item_id":"minecraft:chainmail_chestplate"},{"name":"Кольчужные поножи","icon":"feIMfMNbcNYkNfTVl79TC.png","description":null,"give_method":0,"nbt":null,"price":3,"sale":null,"item_id":"minecraft:chainmail_leggings"},{"name":"Кольчужные ботинки","icon":"mWX2nnJM5IgtajmYMWm23.png","description":null,"give_method":0,"nbt":null,"price":3,"sale":null,"item_id":"minecraft:chainmail_boots"},{"name":"Железный шлем","icon":"mife95eAclr5n9naHSrbR.png","description":null,"give_method":0,"nbt":null,"price":4,"sale":null,"item_id":"minecraft:iron_helmet"},{"name":"Железный нагрудник","icon":"eDlFxa-Kml5jEk7MZykXy.png","description":null,"give_method":0,"nbt":null,"price":4,"sale":null,"item_id":"minecraft:iron_chestplate"},{"name":"Железные поножи","icon":"Rg6_Y6pwXplfWaT23h9YG.png","description":null,"give_method":0,"nbt":null,"price":4,"sale":null,"item_id":"minecraft:iron_leggings"},{"name":"Железные ботинки","icon":"1dTCDlmqPXCTD7CCfCbB_.png","description":null,"give_method":0,"nbt":null,"price":4,"sale":null,"item_id":"minecraft:iron_boots"},{"name":"Алмазный шлем","icon":"mI4GYe3Bkaql0qkGLc2ra.png","description":null,"give_method":0,"nbt":null,"price":6,"sale":null,"item_id":"minecraft:diamond_helmet"},{"name":"Алмазный нагрудник","icon":"mvwQ-O1pmXBUFdRIuYBYx.png","description":null,"give_method":0,"nbt":null,"price":6,"sale":null,"item_id":"minecraft:diamond_chestplate"},{"name":"Алмазные поножи","icon":"pnoj-tYvo9Vp4dBpDmzIV.png","description":null,"give_method":0,"nbt":null,"price":6,"sale":null,"item_id":"minecraft:diamond_leggings"},{"name":"Алмазные ботинки","icon":"s_fiVrueY7AZUrITUiuWl.png","description":null,"give_method":0,"nbt":null,"price":6,"sale":null,"item_id":"minecraft:diamond_boots"},{"name":"Золотой шлем","icon":"m4R8_oaXo9k-DRaeYUDbu.png","description":null,"give_method":0,"nbt":null,"price":4,"sale":null,"item_id":"minecraft:golden_helmet"},{"name":"Золотой нагрудник","icon":"x0cLABu1ShV8Gw5SUQQD2.png","description":null,"give_method":0,"nbt":null,"price":4,"sale":null,"item_id":"minecraft:golden_chestplate"},{"name":"Золотые поножи","icon":"Z25N3OnIAXeLtPD7dys7E.png","description":null,"give_method":0,"nbt":null,"price":4,"sale":null,"item_id":"minecraft:golden_leggings"},{"name":"Золотые ботинки","icon":"YoWoluNXRcK3sjM6dgTIH.png","description":null,"give_method":0,"nbt":null,"price":4,"sale":null,"item_id":"minecraft:golden_boots"},{"name":"Слеза гаста","icon":"DFiXBm-XwTzVNtSp1bYOj.png","description":null,"give_method":0,"nbt":null,"price":1.2,"sale":null,"item_id":"minecraft:ghast_tear"},{"name":"Пузырёк воды","icon":"50zLnH4Y8mYwP4hRplc6j.png","description":null,"give_method":0,"nbt":"{Potion:\"minecraft:water\"}","price":0.15,"sale":null,"item_id":"minecraft:potion"},{"name":"Зелье регенерации I","icon":"6q_HIRXJ6lZlUQRpWi-ox.png","description":null,"give_method":0,"nbt":"{Potion:\"minecraft:regeneration\"}","price":4,"sale":null,"item_id":"minecraft:potion"},{"name":"Зелье регенерации II","icon":"zykPdq-_c-Or4oZFiD549.png","description":null,"give_method":0,"nbt":"{Potion:\"minecraft:strong_regeneration\"}","price":4,"sale":null,"item_id":"minecraft:potion"},{"name":"Зелье регенерации (Продолжительное)","icon":"a16DatQYs8cBo-DtHIQhF.png","description":null,"give_method":0,"nbt":"{Potion:\"minecraft:long_regeneration\"}","price":8,"sale":null,"item_id":"minecraft:potion"},{"name":"Взрывное зелье регенерации I","icon":"q8ZNHV6Xnt7Du7c1SasEV.png","description":null,"give_method":0,"nbt":"{Potion:\"minecraft:regeneration\"}","price":4,"sale":null,"item_id":"minecraft:splash_potion"},{"name":"Взрывное зелье регенерации II","icon":"dV0mnLKwwAK1uOfbm-p_d.png","description":null,"give_method":0,"nbt":"{Potion:\"minecraft:long_regeneration\"}","price":4,"sale":null,"item_id":"minecraft:splash_potion"},{"name":"Взрывное зелье регенерации (Продолжительное)","icon":"vIlkWquP8I6XA4LTHs0Tx.png","description":null,"give_method":0,"nbt":"{Potion:\"minecraft:strong_regeneration\"}","price":8,"sale":null,"item_id":"minecraft:splash_potion"},{"name":"Зелье стремительности I","icon":"TdiWezUtq_AzikMjYO79N.png","description":null,"give_method":0,"nbt":"{Potion:\"minecraft:swiftness\"}","price":4,"sale":null,"item_id":"minecraft:potion"},{"name":"Зелье стремительности II","icon":"L4BOwhQ9wiwNxcHorGXyF.png","description":null,"give_method":0,"nbt":"{Potion:\"minecraft:long_swiftness\"}","price":4,"sale":null,"item_id":"minecraft:potion"},{"name":"Зелье стремительности (Продолжительное)","icon":"OnohiRFXmCI5c28WnvRWS.png","description":null,"give_method":0,"nbt":"{Potion:\"minecraft:strong_swiftness\"}","price":8,"sale":null,"item_id":"minecraft:potion"},{"name":"Взрывное зелье стремительности I","icon":"1B1yMoeeZZL2cbM0lNSmU.png","description":null,"give_method":0,"nbt":"{Potion:\"minecraft:swiftness\"}","price":4,"sale":null,"item_id":"minecraft:splash_potion"},{"name":"Взрывное зелье стремительности II","icon":"8bD9J5TvltSAyTolv1yEJ.png","description":null,"give_method":0,"nbt":"{Potion:\"minecraft:long_swiftness\"}","price":4,"sale":null,"item_id":"minecraft:splash_potion"},{"name":"Взрывное зелье стремительности (Продолжительное)","icon":"oC5fxklc-IcNx8YKPE8Ho.png","description":null,"give_method":0,"nbt":"{Potion:\"minecraft:strong_swiftness\"}","price":8,"sale":null,"item_id":"minecraft:splash_potion"},{"name":"Зелье огнестойкости","icon":"ody7DF-h4IBBttisHkxwm.png","description":null,"give_method":0,"nbt":"{Potion:\"minecraft:fire_resistance\"}","price":4,"sale":null,"item_id":"minecraft:potion"},{"name":"Зелье огнестойкости (Продолжительное)","icon":"7_Hk9lULBBALAvhej6mY0.png","description":null,"give_method":0,"nbt":"{Potion:\"minecraft:long_fire_resistance\"}","price":8,"sale":null,"item_id":"minecraft:potion"},{"name":"Взрывное зелье огнестойкости","icon":"x4-Gl2JeZt2syS-emdvH5.png","description":null,"give_method":0,"nbt":"{Potion:\"minecraft:fire_resistance\"}","price":4,"sale":null,"item_id":"minecraft:splash_potion"},{"name":"Взрывное зелье огнестойкости (Продолжительное)","icon":"xIRRfGPfTJC5diI_AtSrT.png","description":null,"give_method":0,"nbt":"{Potion:\"minecraft:long_fire_resistance\"}","price":8,"sale":null,"item_id":"minecraft:splash_potion"},{"name":"Зелье отравления I","icon":"_Yrc9gxCDLq-FdQelJP1F.png","description":null,"give_method":0,"nbt":"{Potion:\"minecraft:poison\"}","price":4,"sale":null,"item_id":"minecraft:potion"},{"name":"Зелье отравления II","icon":"nKbQ1aUd594L2wiYz_Lkj.png","description":null,"give_method":0,"nbt":"{Potion:\"minecraft:long_poison\"}","price":4,"sale":null,"item_id":"minecraft:potion"},{"name":"Зелье отравления (Продолжительное)","icon":"-lsP6Tq7ASqtWgeFq-jFs.png","description":null,"give_method":0,"nbt":"{Potion:\"minecraft:strong_poison\"}","price":8,"sale":null,"item_id":"minecraft:potion"},{"name":"Взрывное зелье отравления I","icon":"mSxP9pXbL8ZXOhzxDPJgg.png","description":null,"give_method":0,"nbt":"{Potion:\"minecraft:poison\"}","price":4,"sale":null,"item_id":"minecraft:splash_potion"},{"name":"Взрывное зелье отравления II","icon":"QKSXlvvcVosSWb_N0mSau.png","description":null,"give_method":0,"nbt":"{Potion:\"minecraft:long_poison\"}","price":4,"sale":null,"item_id":"minecraft:splash_potion"},{"name":"Взрывное зелье отравления (Продолжительное)","icon":"8UDfa6Cb9R6SeZW17mmnt.png","description":null,"give_method":0,"nbt":"{Potion:\"minecraft:strong_poison\"}","price":8,"sale":null,"item_id":"minecraft:splash_potion"},{"name":"Зелье ночного виденья","icon":"TWmK1cTIwS4lzmqKWz48K.png","description":null,"give_method":0,"nbt":"{Potion:\"minecraft:night_vision\"}","price":4,"sale":null,"item_id":"minecraft:potion"},{"name":"Зелье ночного виденья (Продолжительное)","icon":"fTxSCEGAZzzSUcjQzbCg3.png","description":null,"give_method":0,"nbt":"{Potion:\"minecraft:long_night_vision\"}","price":8,"sale":null,"item_id":"minecraft:potion"},{"name":"Взрывное зелье ночного виденья","icon":"Y2dUhLsFOarZI2pBnIjdB.png","description":null,"give_method":0,"nbt":"{Potion:\"minecraft:night_vision\"}","price":4,"sale":null,"item_id":"minecraft:splash_potion"},{"name":"Взрывное зелье ночного виденья (Продолжительное)","icon":"2Z4HrYB1VV7gYkq22XJZw.png","description":null,"give_method":0,"nbt":"{Potion:\"minecraft:long_night_vision\"}","price":8,"sale":null,"item_id":"minecraft:splash_potion"},{"name":"Зелье слабости","icon":"Kw3sVWMgh6nE2YQMEEvbA.png","description":null,"give_method":0,"nbt":"{Potion:\"minecraft:weakness\"}","price":4,"sale":null,"item_id":"minecraft:potion"},{"name":"Зелье слабости (Продолжительное)","icon":"0caS6a2dRtBckaZbxNtuG.png","description":null,"give_method":0,"nbt":"{Potion:\"minecraft:long_weakness\"}","price":8,"sale":null,"item_id":"minecraft:potion"},{"name":"Взрывное зелье слабости","icon":"fN288AIWCuBUFDb2Oof8f.png","description":null,"give_method":0,"nbt":"{Potion:\"minecraft:weakness\"}","price":4,"sale":null,"item_id":"minecraft:splash_potion"},{"name":"Взрывное зелье слабости (Продолжительное)","icon":"6lR4yfaaRhXwUQfh6PkE7.png","description":null,"give_method":0,"nbt":"{Potion:\"minecraft:long_weakness\"}","price":8,"sale":null,"item_id":"minecraft:splash_potion"},{"name":"Зелье силы I","icon":"kuhSfX8pWy8pJksie2Igy.png","description":null,"give_method":0,"nbt":"{Potion:\"minecraft:strength\"}","price":4,"sale":null,"item_id":"minecraft:potion"},{"name":"Зелье силы II","icon":"YKWUDFqXpPLUZN0O-8YtJ.png","description":null,"give_method":0,"nbt":"{Potion:\"minecraft:long_strength\"}","price":4,"sale":null,"item_id":"minecraft:potion"},{"name":"Зелье силы (Продолжительное)","icon":"52wlExrMHuoSUVjwgIjx3.png","description":null,"give_method":0,"nbt":"{Potion:\"minecraft:strong_strength\"}","price":8,"sale":null,"item_id":"minecraft:potion"},{"name":"Взрывное зелье силы I","icon":"hzOEOIjrTETRRDYjrPe8b.png","description":null,"give_method":0,"nbt":"{Potion:\"minecraft:strength\"}","price":4,"sale":null,"item_id":"minecraft:splash_potion"},{"name":"Взрывное зелье силы II","icon":"R4cMaKziIgVDefkBA8HN5.png","description":null,"give_method":0,"nbt":"{Potion:\"minecraft:long_strength\"}","price":4,"sale":null,"item_id":"minecraft:splash_potion"},{"name":"Взрывное зелье силы (Продолжительное)","icon":"4ZFHRiJIan8Q-0FCZxmjU.png","description":null,"give_method":0,"nbt":"{Potion:\"minecraft:strong_strength\"}","price":8,"sale":null,"item_id":"minecraft:splash_potion"},{"name":"Зелье замедления","icon":"lTTvZ-lVeYRCqEWe5FSGl.png","description":null,"give_method":0,"nbt":"{Potion:\"minecraft:slowness\"}","price":4,"sale":null,"item_id":"minecraft:potion"},{"name":"Зелье замедления (Продолжительное)","icon":"hcmfe-FcLbkgFme_IpJ52.png","description":null,"give_method":0,"nbt":"{Potion:\"minecraft:long_slowness\"}","price":8,"sale":null,"item_id":"minecraft:potion"},{"name":"Взрыное зелье замедления","icon":"TFozJ6NEenC5H9X1D2yIj.png","description":null,"give_method":0,"nbt":"{Potion:\"minecraft:slowness\"}","price":4,"sale":null,"item_id":"minecraft:splash_potion"},{"name":"Взрыное зелье замедления (Продолжительное)","icon":"iX0QMBOIGAQRVfZlX2lUW.png","description":null,"give_method":0,"nbt":"{Potion:\"minecraft:long_slowness\"}","price":8,"sale":null,"item_id":"minecraft:splash_potion"},{"name":"Зелье вреда I","icon":"tIav7olIY5diyrj_U1YvY.png","description":null,"give_method":0,"nbt":"{Potion:\"minecraft:harming\"}","price":4,"sale":null,"item_id":"minecraft:potion"},{"name":"Зелье вреда II","icon":"mBqpAV4gWoinBEETWcYnB.png","description":null,"give_method":0,"nbt":"{Potion:\"minecraft:strong_harming\"}","price":8,"sale":null,"item_id":"minecraft:potion"},{"name":"Взрывное зелье вреда I","icon":"ICTZsIp1ueUCvybiarqwK.png","description":null,"give_method":0,"nbt":"{Potion:\"minecraft:harming\"}","price":4,"sale":null,"item_id":"minecraft:splash_potion"},{"name":"Взрывное зелье вреда II","icon":"JWSzVoYJHqkigoQ5KtOIk.png","description":null,"give_method":0,"nbt":"{Potion:\"minecraft:strong_harming\"}","price":8,"sale":null,"item_id":"minecraft:splash_potion"},{"name":"Пузырёк","icon":"Sb6ILzUw6GSmlRaUW1gYh.png","description":null,"give_method":0,"nbt":null,"price":0.1,"sale":null,"item_id":"minecraft:glass_bottle"},{"name":"Маринованный паучий глаз","icon":"FE2_avBcbL0l9TLxWc1aO.png","description":null,"give_method":0,"nbt":null,"price":1,"sale":null,"item_id":"minecraft:fermented_spider_eye"},{"name":"Огненный порошок","icon":"hQUIcerawMP0QVxF0Ozs5.png","description":null,"give_method":0,"nbt":null,"price":1,"sale":null,"item_id":"minecraft:blaze_powder"},{"name":"Сгусток магмы","icon":"wl-i-mCNQR0L5CwAqkOW7.png","description":null,"give_method":0,"nbt":null,"price":2,"sale":null,"item_id":"minecraft:magma_cream"},{"name":"Варочная стойка","icon":"C5SmikbSBUgnMBZYZWFHI.png","description":null,"give_method":0,"nbt":null,"price":5,"sale":null,"item_id":"minecraft:brewing_stand"},{"name":"Котёл","icon":"NE0GW1wpjO1TZl4fp1Ij9.png","description":null,"give_method":0,"nbt":null,"price":5,"sale":null,"item_id":"minecraft:cauldron"},{"name":"Яйцо призыва - Крипер","icon":"KHeOznJUcOLTiGRmfrl4y.png","description":null,"give_method":0,"nbt":"{EntityTag:{id:\"minecraft:creeper\"}}","price":8,"sale":null,"item_id":"minecraft:spawn_egg"},{"name":"Яйцо призыва - Скелет","icon":"-7bRUYuw6W88kC_8vYA6h.png","description":null,"give_method":0,"nbt":"{EntityTag:{id:\"minecraft:skeleton\"}}","price":8,"sale":null,"item_id":"minecraft:spawn_egg"},{"name":"Яйцо призыва - Паук","icon":"0Iba0EbCRoolkBs0ycFK9.png","description":null,"give_method":0,"nbt":"{EntityTag:{id:\"minecraft:spider\"}}","price":8,"sale":null,"item_id":"minecraft:spawn_egg"},{"name":"Яйцо призыва - Зомби","icon":"qdNeTPQsrh-gvfA0exKpy.png","description":null,"give_method":0,"nbt":"{EntityTag:{id:\"minecraft:zombie\"}}","price":8,"sale":null,"item_id":"minecraft:spawn_egg"},{"name":"Яйцо призыва - Слизень","icon":"j-WDoOtOW8cZumF3R4en0.png","description":null,"give_method":0,"nbt":"{EntityTag:{id:\"minecraft:slime\"}}","price":12,"sale":null,"item_id":"minecraft:spawn_egg"},{"name":"Яйцо призыва - Гаст","icon":"kSLTF1D-Vj-0W-Pir4YQ3.png","description":null,"give_method":0,"nbt":"{EntityTag:{id:\"minecraft:ghast\"}}","price":12,"sale":null,"item_id":"minecraft:spawn_egg"},{"name":"Яйцо призыва: Свинозомби","icon":"FPxeYZBJTcEOebeqFdM9K.png","description":null,"give_method":0,"nbt":"{EntityTag:{id:\"minecraft:zombie_pigman\"}}","price":12,"sale":null,"item_id":"minecraft:spawn_egg"},{"name":"Яйцо призыва - Эндермен","icon":"ZlTk6zNRAqe-yvvuFXKKb.png","description":null,"give_method":0,"nbt":"{EntityTag:{id:\"minecraft:wither_skeleton\"}}","price":8,"sale":null,"item_id":"minecraft:spawn_egg"},{"name":"Яйцо призыва - Пещерный паук","icon":"15QV14x6ZP6sU0EhitPSC.png","description":null,"give_method":0,"nbt":"{EntityTag:{id:\"minecraft:cave_spider\"}}","price":8,"sale":null,"item_id":"minecraft:spawn_egg"},{"name":"Яйцо призыва - Ифрит","icon":"ETcsOswRRMUAiEAnytVGg.png","description":null,"give_method":0,"nbt":"{EntityTag:{id:\"minecraft:blaze\"}}","price":12,"sale":null,"item_id":"minecraft:spawn_egg"},{"name":"Яйцо призыва - Магмовый куб","icon":"9240wEfApLwD3VHOECw6h.png","description":null,"give_method":0,"nbt":"{EntityTag:{id:\"minecraft:magma_cube\"}}","price":12,"sale":null,"item_id":"minecraft:spawn_egg"},{"name":"Яйцо призыва - Летучая мышь","icon":"qu97jW4-oPMiKcxOLlzZA.png","description":null,"give_method":0,"nbt":"{EntityTag:{id:\"minecraft:bat\"}}","price":8,"sale":null,"item_id":"minecraft:spawn_egg"},{"name":"Яйцо призыва - Ведьма","icon":"a4OGNf0ge6UdaVt97Z6NT.png","description":null,"give_method":0,"nbt":"{EntityTag:{id:\"minecraft:witch\"}}","price":8,"sale":null,"item_id":"minecraft:spawn_egg"},{"name":"Яйцо призыва - Свинья","icon":"-6qSC1YRN_CLPkWRtdlda.png","description":null,"give_method":0,"nbt":"{EntityTag:{id:\"minecraft:sheep\"}}","price":10,"sale":null,"item_id":"minecraft:spawn_egg"},{"name":"Яйцо призыва - Корова","icon":"lkC46VQ3_XGpxPEzJ_uRe.png","description":null,"give_method":0,"nbt":"{EntityTag:{id:\"minecraft:cow\"}}","price":10,"sale":null,"item_id":"minecraft:spawn_egg"},{"name":"Яйцо призыва - Курица","icon":"ZQiHxObjN9CaAllGH1l_a.png","description":null,"give_method":0,"nbt":"{EntityTag:{id:\"minecraft:chicken\"}}","price":10,"sale":null,"item_id":"minecraft:spawn_egg"},{"name":"Яйцо призыва - Спрут","icon":"lz-dVzuHc_oBeml0i5Znu.png","description":null,"give_method":0,"nbt":"{EntityTag:{id:\"minecraft:squid\"}}","price":10,"sale":null,"item_id":"minecraft:spawn_egg"},{"name":"Яйцо призыва - Волк","icon":"-hzh8vfegfN1kvsJQKpOL.png","description":null,"give_method":0,"nbt":"{EntityTag:{id:\"minecraft:wolf\"}}","price":10,"sale":null,"item_id":"minecraft:spawn_egg"},{"name":"Яйцо призыва - Мууухомор","icon":"6IwubyBYY8BDZ-uyt4AtZ.png","description":null,"give_method":0,"nbt":"{EntityTag:{id:\"minecraft:mooshroom\"}}","price":10,"sale":null,"item_id":"minecraft:spawn_egg"},{"name":"Яйцо призыва - Оцелот","icon":"gBeycBVO_aGmG46zYQm3L.png","description":null,"give_method":0,"nbt":"{EntityTag:{id:\"minecraft:ocelot\"}}","price":10,"sale":null,"item_id":"minecraft:spawn_egg"},{"name":"Яйцо призыва - Лошадь","icon":"OuKUNHX2jZTALEwWzPesY.png","description":null,"give_method":0,"nbt":"{EntityTag:{id:\"minecraft:horse\"}}","price":10,"sale":null,"item_id":"minecraft:spawn_egg"},{"name":"Яйцо призыва - Крестьянин","icon":"RHiCv3CfqDiPD09OT5VI-.png","description":null,"give_method":0,"nbt":"{EntityTag:{id:\"minecraft:villager\"}}","price":16,"sale":null,"item_id":"minecraft:spawn_egg"},{"name":"13 пластинка","icon":"jK5YaBEJPnX9IXheeOBEE.png","description":null,"give_method":0,"nbt":null,"price":15,"sale":null,"item_id":"minecraft:record_13"},{"name":"Cat пластинка","icon":"wMBRZ3TngoAJM0uQE-8bI.png","description":null,"give_method":0,"nbt":null,"price":15,"sale":null,"item_id":"minecraft:record_cat"},{"name":"Blocks пластинка","icon":"WE1gC8SYrTDCNmAnbjltf.png","description":null,"give_method":0,"nbt":null,"price":15,"sale":null,"item_id":"minecraft:record_blocks"},{"name":"Chirp пластинка","icon":"Us5-_WWl1o3HOlIQbsv_I.png","description":null,"give_method":0,"nbt":null,"price":15,"sale":null,"item_id":"minecraft:record_chirp"},{"name":"Far пластинка","icon":"VnRzRR2Fapn4F1qA4xB_g.png","description":null,"give_method":0,"nbt":null,"price":15,"sale":null,"item_id":"minecraft:record_far"},{"name":"Mall пластинка","icon":"hcTpXfHGwfrMgOrqRBUDl.png","description":null,"give_method":0,"nbt":null,"price":15,"sale":null,"item_id":"minecraft:record_mall"},{"name":"Mellohi пластинка","icon":"WFVkNRnZ1kS2-4evqZbZq.png","description":null,"give_method":0,"nbt":null,"price":15,"sale":null,"item_id":"minecraft:record_mellohi"},{"name":"Stal пластинка","icon":"cslIO6vDMAZEBdE4uwcF4.png","description":null,"give_method":0,"nbt":null,"price":15,"sale":null,"item_id":"minecraft:record_stal"},{"name":"11 пластинка","icon":"8u6DUa3ftb-rq8EzKufGd.png","description":null,"give_method":0,"nbt":null,"price":15,"sale":null,"item_id":"minecraft:record_11"},{"name":"Ward пластинка","icon":"YL3ZMW0RDfxORDXAfe9wk.png","description":null,"give_method":0,"nbt":null,"price":15,"sale":null,"item_id":"minecraft:record_ward"},{"name":"Wait пластинка","icon":"CF-GpeUVp_HmwygDMe1hQ.png","description":null,"give_method":0,"nbt":null,"price":15,"sale":null,"item_id":"minecraft:record_wait"},{"name":"Семена пшеницы","icon":"Is7td9JkA-J0HO4WJiAub.png","description":null,"give_method":0,"nbt":null,"price":0.05,"sale":null,"item_id":"minecraft:wheat_seeds"},{"name":"Мицелий","icon":"7i_r6zYHzqrekBu73XEfx.png","description":null,"give_method":0,"nbt":null,"price":0.7,"sale":null,"item_id":"minecraft:mycelium"},{"name":"Порох","icon":"jXydPPdDqXVVwJ-SBN82T.png","description":null,"give_method":0,"nbt":null,"price":0.3,"sale":null,"item_id":"minecraft:gunpowder"},{"name":"Костная мука","icon":"D5j1P8Nz2qEWo8SN-OrmG.png","description":null,"give_method":0,"nbt":null,"price":0.05,"sale":null,"item_id":"minecraft:dye@15"},{"name":"Жаренная свинина","icon":"fx2yTiFUgO1QYQ7VgjTE6.png","description":null,"give_method":0,"nbt":null,"price":0.4,"sale":null,"item_id":"minecraft:cooked_porkchop"},{"name":"Снег","icon":"zK3YgrHAXR2spTzVP-ZoK.png","description":null,"give_method":0,"nbt":null,"price":0.02,"sale":null,"item_id":"minecraft:snow"},{"name":"Око эндера","icon":"vkdFdSE0j_TXIBUUQwIbf.png","description":null,"give_method":0,"nbt":null,"price":2,"sale":null,"item_id":"minecraft:ender_eye"},{"name":"Мёртвый куст","icon":"N7d-f70ym4-UPDQozGBwy.png","description":null,"give_method":0,"nbt":null,"price":0.4,"sale":null,"item_id":"minecraft:deadbush"},{"name":"Нотный блок","icon":"hOlxKfNfGU5eN7fRQbgYq.png","description":null,"give_method":0,"nbt":null,"price":2,"sale":null,"item_id":"minecraft:noteblock"},{"name":"Липкий поршень","icon":"6HTXumjiYEuwZzfABAHgH.png","description":null,"give_method":0,"nbt":null,"price":4,"sale":null,"item_id":"minecraft:sticky_piston"},{"name":"Поршень","icon":"CqiD_O1byPPNDiK1VJKEM.png","description":null,"give_method":0,"nbt":null,"price":2,"sale":null,"item_id":"minecraft:piston"},{"name":"Лампа","icon":"vJla2ai7qbmKIqyIv41Ob.png","description":null,"give_method":0,"nbt":null,"price":2,"sale":null,"item_id":"minecraft:redstone_lamp"}]